SMILES,MLM,HLM
CCOc1ccc(CNC(=O)c2cc(-c3sc(C)nc3C)n[nH]2)cc1OCC,26.01,50.68
Cc1nc(C)c(CN2CC(C)C(=O)Nc3ccccc32)s1,29.27,50.59
CCCN1CCN(c2nn3nnnc3c3ccccc23)CC1,5.586,80.892
Cc1ccc(-c2ccc(-n3nc(C)c(S(=O)(=O)N4CCN(C5CCCCC5)CC4)c3C)nn2)cc1,5.71,2.0
Cc1ccc2c(c1)N(C(=O)c1ccncc1)CC(C)O2,93.27,99.99
COc1c(F)c(F)cc2c(=O)c(C(=O)NCCCN3CCCC3=O)cn(C3CC3)c12,27.64,66.63
CN(C)c1cccc2c(S(=O)(=O)NC(CC(=O)O)C(=O)O)cccc12,82.107,69.25
C1=Cn2nc(/C=C/c3cccs3)nc2-c2ccccc2O1,2.673,25.121
COc1ccc2nc(C3=CCCN(C)C3)n(C)c2c1,74.519,71.471
CCN1CCCC1CNC(=O)C1CCCN(c2ncnc3[nH]cnc23)C1,73.417,76.291
CN(C1CCNCC1)S(=O)(=O)c1ccc(Cl)s1,56.9,40.158
CC1CN(Cc2cncs2)CCN1CC(C)(C)O,32.668,94.151
Nc1nc(N2CCN(c3ccccc3Cl)CC2)nc2ccccc12,0.761,4.273
CC(C)c1ccc(CCCNS(C)(=O)=O)cc1,66.24,63.68
Oc1cc(-c2ccc(-c3ccc(Br)cc3)cc2)nn1-c1ccccn1,69.28,99.0
COc1cc(Nc2ncc(-c3cnn(C)c3)c(Nc3ccc4c(c3)CNCC4)n2)cc(OC)c1,48.42,82.81
Cc1[nH]c(=O)[nH]c(=O)c1S(=O)(=O)NCC1CCCO1,59.496,66.631
COCCN(CC1CCCN(C2Cc3ccccc3C2)C1)C(=O)Cc1c[nH]c2ccccc12,1.776,5.529
O=C(O)C1C(c2ccccc2)C(C(=O)O)C1c1ccccc1,65.85,91.84
CCC(CO)Nc1ncc2cc3ccccc3nc2c1C#N,13.856,42.906
CNC(=O)c1cc(Cl)cc(C)c1NC(=O)c1cc(Br)nn1-c1c(F)c(F)cc(F)c1F,99.0,83.03
CCCc1nn2c(N)c(C#N)nnc2c1-c1ccc(F)cc1,33.778,51.664
O=C(C1CC(=O)N(c2n[nH]c3cc(Br)ccc23)C1)N1CCCC1,99.9,99.9
COCCCNC(=O)C1CCC(CN(Cc2c(Cl)cccc2Cl)S(=O)(=O)c2ccc(Br)cc2)CC1,0.0,0.0
Cc1noc(C)c1Cc1c(C(=O)N2CCC(Cc3nc(C4CCOCC4)no3)CC2)noc1C,3.39,1.36
Cc1cc(C)cc(N/C(N)=N/Cc2nc(C(C)(C)C)cs2)c1,0.17,0.07
CCS(=O)(=O)c1nc(S(=O)(=O)c2ccc(Cl)cc2)c(NC2CCCC2)s1,0.09,21.6
Oc1cc(O)c2c(c1)O[C@H](c1ccc(O)c(O)c1)[C@H](O)C2,73.73,99.0
CC(C)CCN(C)C1CCN(S(=O)(=O)c2ccc(C(C)(C)C)cc2)CC1,3.855,54.218
CC(C)Cn1c(NCCN(C)C)nc2c1c(=O)[nH]c(=O)n2C,94.6,99.0
O=C(c1nccc2ccccc12)N1CCc2cc(-c3ccno3)ccc21,1.814,4.124
Cc1nc2nc(CCNS(=O)(=O)c3cccs3)cn2nc1C,94.33,99.0
c1ccc2c(c1)OCC(c1csc(C3COc4ccccc4O3)n1)O2,55.941,78.013
CCN(CC)S(=O)(=O)c1ccc(S(=O)(=O)NCc2cccs2)cc1,7.74,13.78
Oc1ccc(-c2nc(-c3ccc(F)c(F)c3)no2)cc1Cl,54.9,58.7
O=C(Nc1ccccc1Cl)NC1(C(=O)N2CCC(O)CC2)CCCCC1,81.57,99.0
Cc1cc(C)n2nc(C(=O)N3C[C@@H](N)C[C@H]3C(=O)NC(C)C)cc2n1,81.95,82.29
Cc1ccc(C2CC(c3c(O)[nH]c(=O)n(C)c3=O)=NN2)s1,32.111,24.242
COCCN(C)C(=O)Cn1c(-c2ccccc2)nn(-c2cccc(C)c2)c1=O,51.993,54.414
Cc1ccc(CNC(=O)N2Cc3c(sc4c3CCCC4)-n3cccc3C2C(C)C)cc1,0.62,1.3
COc1ccc(OCCNC(=O)c2cc(S(=O)(=O)N(C)C)c(Cl)cc2Cl)cc1,1.46,32.55
CCN(CC)S(=O)(=O)c1cc(Br)cnc1N,10.295,37.138
CC(C)n1nc(CNc2ccc(Cl)cc2)[nH]c1=O,90.61,67.631
CC1C(S(C)(=O)=O)=NNc2c(-c3ccccc3)cnn21,26.23,92.78
CCOC(=O)c1ccc(NC(=O)c2ccc(-n3nncc3C)cc2)cc1,0.38,5.48
COn1c(Br)c(Br)c(Br)c1C(=O)Nc1ccc(Br)cc1,30.439,23.795
COc1c(Br)ccc2c1sc1ncnc(NC(C)C(=O)O)c12,77.245,39.943
O=C(Nc1cccc2c1N(c1ncccn1)CC2)c1ccccc1,0.08,1.34
N#Cc1nccnc1OC1CCN(C(=O)c2ccc(N3CCOCC3)cc2)C1,73.91,76.87
COc1ccc(-n2ccnc2-c2nccn2[C@@H]2c3ccccc3C[C@@H]2O)cc1,0.44,38.97
CC(=O)c1cnc2c(C)c(-c3ccc(C)cc3)nn2c1C,0.2,1.16
CN(C)S(=O)(=O)c1ccc(Br)c2ccccc12,24.971,7.63
COc1ccc(NC(=O)COCc2ccccc2)cc1,2.41,0.12
COc1cc(Br)c(S(=O)(=O)N[C@@H]2CCCN(C(=O)c3ccccc3)C2)cc1OC,14.402,37.45
CC(=O)N(c1nc(COC(=O)/C=C/c2cnn(C)c2)cs1)c1c(C)cc(C)cc1C,0.076,0.441
CN1N=C(c2ccc(-n3cncn3)cc2)CC1c1cnn(C)c1,59.112,96.918
COC(=O)C1C(C(=O)OC)C2(OC(c3ccccc3)=CC2=O)C12OC(c1ccccc1)=CC2=O,60.227,22.004
O=C(c1cc2cc(Br)c3ncccc3c2s1)N1CCN(c2ccccc2)CC1,78.55,70.72
Cc1nc2ccccc2c(=O)n1-c1ccc(Cl)c(O[C@H]2CCN(C)C2)c1,67.683,92.459
CC(=O)N1CCC(C(=O)N2CCN(c3cc(Cl)ccc3C)CC2)CC1,59.97,88.29
COc1cc(=O)n2c(c1C(=O)Nc1ccc3c(c1)OCCO3)CCCC2,50.85,85.03
Cc1[nH]c(C(=O)NCc2ccc3c(c2)OCO3)c(C)c1S(=O)(=O)N1CCCCCC1,86.6,83.01
CCCn1c(=O)c2ccc(C(=O)NC3CCCC3)cc2n2c(=O)n(Cc3ccc(C)cc3)nc12,23.86,70.13
CC(C)(C)OC(=O)NC1CCN(c2nnc(Cl)c3ccccc23)CC1,1.451,36.757
O=C(Nc1ccccc1)c1cn2c(n1)C(c1ccccc1)N(C(=O)c1ccccc1)CC2,61.34,99.99
Cc1cc(C)cc(N(C)S(=O)(=O)c2ccsc2-c2nc(-c3cccnc3)no2)c1,6.34,36.08
O=C(NC1Cc2ccccc2C1)NC1CCCn2ncnc21,84.463,87.058
CC(=O)N1c2ccc(S(=O)(=O)Nc3ccc(C(=O)c4c(C)nc5sccn45)cc3)cc2CC1C,7.12,38.47
CS(=O)(=O)c1ccc(Nc2ccc3sc(C(=O)O)cc3c2)c(F)c1,99.0,95.61
Cc1cc(=O)c(C(=O)Nc2nc3ccccc3nc2N2CCCC2)nn1-c1ccc(Cl)cc1,51.01,88.06
Cc1cc(Br)cc(C(=O)c2c(C(C)C)c(=O)[nH]c(=O)n2Cc2cc(F)nc(F)c2)c1,62.96,60.46
CC(C)COc1cc(=O)n2c(c1C(=O)NCC1CCCCC1)CCCCC2,0.28,0.44
Cc1cc(C)n(CCCN(C)Cc2cn(C(C)C)c3cc(F)ccc23)n1,2.76,4.7
O=c1cc(-c2ccccc2)oc2ccccc12,17.256,8.103
CC(=O)Nc1ccc(-n2nnc(C(=O)NCCCN(C)C)c2N)cc1,86.931,72.384
O=C(Cc1noc2ccccc12)N1CCn2c1nc1ccccc12,0.041,64.073
CCN(CC)CCCNc1oc(-c2ccco2)nc1S(=O)(=O)c1ccc2c(c1)OCCO2,31.636,41.949
COC(=O)c1ccc(CCC(C)NCC(O)c2cccc(Cl)c2)o1,3.985,4.987
COc1cc(=O)n2c(c1C(=O)Nc1ccc(Cl)c(C)c1)CCCC2,3.25,48.46
CC(NC(=O)Nc1ccc(F)cc1Br)c1cn[nH]c1,87.254,92.326
c1ccc(C2CC(c3cccs3)Nc3ncnn32)cc1,1.65,51.47
NC(=O)c1c(-c2ccc(Cl)cc2Cl)csc1NC(=O)CC1(CC(=O)O)CCCC1,76.42,57.27
Cc1nc(C)c(S(=O)(=O)N(C)CC(C)(C)O)s1,36.174,68.768
CCOc1ccc(OCC)c(NC(=O)c2cc(S(=O)(=O)N3CCOCC3)cn2C)c1,22.83,62.58
Cc1nc(C)c(COCc2ccccc2)c(-c2ccc(Cl)cc2)c1CO,0.17,51.74
COc1ccccc1-n1c(=O)n(Cc2cccc(C)c2)c(=O)c2c(C)cc(C)nc21,0.07,0.98
Cn1c(C(F)(F)F)nn(CCNS(=O)(=O)CCN2C(=O)CCCC2=O)c1=O,67.209,99.9
O=c1ccc(-c2ccc(S(=O)(=O)NCc3cccc(Br)c3)s2)n[nH]1,56.54,14.71
[H][C@]1(NC(=O)OCc2ccccc2)C2C=CC(C2)[C@@]1([H])C(O)(c1ccccc1)c1ccccc1,53.39,38.995
C[C@H]1CCCC(=O)CCCCCc2cc(OCc3ccccc3)cc(O)c2C(=O)O1,22.26,64.05
O=C(COc1ccc2c3ccccc3n(C(=O)c3cccnc3)c2c1)N1CCCCC1,0.1,0.39
O=c1[nH]ccn2nc(-c3ccc(F)cc3)c(CO)c12,23.74,99.99
CCC12OCC(C)(C)N1O/C(=N/c1ccccc1)N2c1ccccc1,0.33,5.95
COc1ccc(C)cc1NC(=O)c1cc(S(=O)(=O)N2CCOCC2)cn1C,17.95,42.46
CCn1cc(S(=O)(=O)N2CCc3n[nH]c(=O)n3CC2)cn1,36.74,49.31
COc1ccc(OC)c(NC(=O)c2ccc(N(C)S(=O)(=O)c3ccc(OC)c(OC)c3)cc2)c1,21.28,79.5
[H][C@@]1([C@H](O)c2ccnc3ccccc23)C[C@@H]2CC[N@@+]1(Cc1cc(C(C)(C)C)c(OC)c(C(C)(C)C)c1)C[C@@H]2C=C,42.176,13.036
Cc1ccc2c(c1)NC(=O)c1cc(S(=O)(=O)N(C)C)c(Oc3ccccc3Br)cc1O2,0.22,0.78
CCC(CC)CN(CC(=O)OC)S(=O)(=O)c1ccc(S(C)(=O)=O)cc1,99.91,86.97
CCc1ccc(S(=O)(=O)c2nnn3c2[nH]c(=O)c2sccc23)cc1,63.74,1.32
Cc1cccc(OCCn2cnc3c(cnn3-c3cccc(C(F)(F)F)c3)c2=O)c1,96.269,99.9
CCn1ccc(C(=O)N2CCCN(S(C)(=O)=O)c3ccccc32)n1,11.684,7.948
Cc1ccc(OCCn2c(C)c(/C=N/n3cnnc3)c3ccccc32)cc1C,24.498,29.747
COc1ccc2c3c1O[C@H]1C[C@@H](O)C=C[C@]31C[C@H](C)N(Cc1ccc(Br)cc1)C2,47.004,76.729
O=c1[nH]c2c(c(=O)n1-c1cccc(F)c1)S(=O)CC2,81.13,92.24
CCCSc1nc(OC)c(-c2ccccc2C)c(=O)n1C,0.994,17.326
CS(=O)(=O)N1CCN(CCOc2ccc3c(c2)C(c2cc(F)cc(F)c2)=C(c2cccnc2)C3=O)CC1,2.904,4.686
COc1ccc(S(=O)(=O)Nc2ncccn2)cc1,67.15,82.11
COC(=O)C1(C)Cc2ccc(Cl)cc2C(=O)O1,2.335,0.0
CCn1nc(-c2cc(C)ccc2Cl)nc1N(C)C,0.14,5.25
CCCc1cc(-n2ccnc2C)n2nc3nc(C)cc(C)c3c2n1,39.47,82.21
N#Cc1nc(-c2ccccc2F)oc1NCC1CCCO1,9.17,20.08
O=C1OCc2c(-c3ccccc3)sc(-c3ccc4c(c3)OCO4)c21,36.9,53.72
Cc1ccc(-c2nc3scc(CCNS(=O)(=O)c4ccc(Br)cc4)n3n2)cc1,1.09,6.18
O=C(Cn1c(=O)n2nc(-c3cccnc3)nc2c2c3c(sc21)CCC3)NCc1ccco1,53.886,39.402
CC(C)(C)CNCCn1c(=S)[nH]c2c(Cl)nccc21,99.9,97.176
COc1cc(C2c3c(-c4ccccc4)nn(C)c3C(=O)N2Cc2ccco2)cc(OC)c1O,17.394,9.026
Cc1sc2c(c1C)c1nnc(SCCN(C)C)n1c1nnc(SCCN(C)C)n21,58.275,57.392
CN(Cc1ccccc1)C(=O)c1c(OCC2CC2)cc(=O)n2c1CCOCC2,53.64,99.35
COc1ccc(N)cc1N1CCCCS1(=O)=O,94.092,99.9
CC(C)(C)c1ccc(Oc2ccc(N)c(Cl)c2)cc1,14.727,76.354
CN1CCCC2(CCN(C3CCN(c4ccc(F)c(F)c4)CC3)C2)C1=O,61.1,71.77
CC(C)CC(O)C1CCN(C(=O)CCCn2cncn2)CC1,26.04,89.25
Cc1c(C)n(CCN2CCOCC2)c2ncn3nc(-c4ccc(Cl)cc4Cl)nc3c12,99.99,99.99
CC1(C)CC(NC(=O)CCc2nc3ncc(Br)cc3[nH]2)CC(C)(C)N1,70.7,62.89
COC(=O)c1[nH]cc(C(=O)C2CCNCC2)c1C,75.521,85.828
CCCn1c(=O)c2ccc(C(=O)NC(C)C)cc2n2c(=O)n(Cc3ccc(C)cc3)nc12,25.94,99.99
CCC(C)Nc1[nH]c2cc(C)cc(C)c2c(=O)c1C(C)=O,0.13,1.24
Cn1cc(-c2nn(S(=O)(=O)c3ccc(Br)s3)c(-c3cnn(C)c3)c2Cl)cn1,0.012,0.412
O=C(O)c1nn(-c2ccccc2)nc1-c1nn(-c2ccccc2)nc1C(=O)O,86.612,59.847
CCOC(=O)Cn1ccc2cc(N3C(=O)N4CCCC4(C)C3=O)ccc21,99.99,12.44
Cc1cccc(C2NCCc3c2[nH]c2ccccc32)c1,17.7,99.99
CCS(=O)(=O)Nc1cccc(-c2cc(=O)n(-c3ccc(F)c(Cl)c3)nc2C)c1,90.04,99.99
COc1ccc(CCN2CCC(NC(=O)c3cc4cc(Br)ccc4o3)CC2)cc1,23.12,14.07
Cc1cc(-c2cc(=O)[nH]c3nc4ccccc4n23)n(C)n1,87.437,70.39
O=C(C1CCOCC1)N1CCCC(Cn2cnc3cccnc32)C1,91.44,95.68
CCOC(=O)CNC(=O)N1Cc2c(sc3c2CCCC3)-n2cccc2C1C(C)C,1.0,1.0
CCc1cc2c3c([nH]c2cc1S(=O)(=O)N(Cc1ccccc1)C(C)C)CCCC3=O,99.9,99.9
CC1(C)CC(S(=O)(=O)CC2(C)CC(c3ccc(Br)o3)=NO2)=NO1,11.68,99.0
CC(O)CN(Cc1cc(F)cc(Br)c1)C(C)C,1.233,15.588
Cc1oc(=O)n(Cc2cc(C(N)=O)oc2C(C)(C)C)c1C,76.404,86.695
Brc1ccc(-c2c[nH]c(CNc3nncn3-c3ccccc3)n2)cc1,8.989,50.893
C[C@H](Nc1ncnc2[nH]cnc12)c1cc2ccccc2nc1-c1ccccc1,31.84,63.91
COc1ccc(C2(CNC(=O)C(F)(F)F)CCCCC2)cc1,12.544,3.54
CCCNC1=Nc2ccccc2S(=O)(=O)N1CCC,3.753,9.868
O=C(Nc1nc(-c2ccncc2)cs1)c1ccccn1,13.51,13.13
Nc1ccc(Oc2ccnc3ccsc23)c(F)c1,35.265,46.793
CN1C(=O)c2ccccc2C(C(=O)Nc2nc3ccccc3[nH]2)C1c1ccccc1,24.03,61.21
Cn1cc(-c2noc(C3CCCCC3)n2)ccc1=O,3.421,47.977
Cc1cc(C)n(CC(O)CON=C2c3ccccc3-c3ccccc32)n1,0.622,4.93
Brc1ccc2ccnc(N3CCCC3)c2c1,0.162,1.093
COCc1nn2c(nnc3c(=O)n(NC(C)=O)ccc32)c1-c1ccc(F)cc1,94.31,99.99
CC(=O)Nc1cccc(C(=O)Nc2ccccc2)c1,58.61,77.25
c1ccc(C(c2ccccc2)c2n[nH]c3c2CNCC3)cc1,74.104,99.834
CS(=O)(=O)c1ccc(Oc2cc(F)cc(C(=O)O)c2)c2c1[C@H](O)C(F)(F)C2,79.51,99.9
O=C(CCc1ccc(C(F)(F)F)cc1)N1C2C=CCC1CC2,2.386,13.893
CSc1c(C(C)=O)c(=O)nc2scc(C)n12,0.253,45.295
OC(CN1CCCCCC1)CN(c1ccccc1)c1ccccc1,7.8,8.15
O=C1COc2ccc(-c3cc4ccccn4c3)cc2N1,0.0,0.0
Oc1c(Cl)c(Nc2ccccc2)c(O)n1-c1ccccc1,20.228,57.712
O=C1C(c2cnc3ccccc3c2)=C(c2cc(F)cc(F)c2)c2ccc(OCCN3CCS(=O)(=O)CC3)cc21,99.9,44.264
N#Cc1ccccc1COc1ccc2c(c1)OCO2,23.454,55.443
O=C1OCc2c(-c3ccccc3)sc(-c3ccccc3)c21,3.71,2.8
COc1cc(N2CCC(N3CCN(C)CC3)CC2)ccc1Nc1ncc(Cl)c(Nc2ccccc2N)n1,72.54,76.85
CN(C)C1CCN(c2ncnn3c(Br)ccc23)CC1,33.42,94.51
CN(C)S(=O)(=O)c1cc(C(=O)NCC(c2ccccc2)N2CCOCC2)c(Cl)cc1Cl,0.57,1.22
COc1cc(=O)n(C)cc1C(=O)N1CCN(c2ccc(C(F)(F)F)cn2)CC1,96.82,99.0
Cc1nc(NC(C)Cc2ccccc2)c(C#N)c2c1COC(C)(C)C2,3.25,2.54
CC(C)CCNC(=O)N1Cc2c(sc3c2CCCC3)-n2cccc2C1c1ccccc1,1.0,1.0
CC(NC(=O)CN1C(=O)CCn2nc(-c3cn(C)c4ccccc34)cc21)c1ccc2c(c1)OCCO2,2.01,11.48
CC(C)C(C(=O)NC1CCN(C(=O)NC(C)(C)C)CC1)N(C)C,49.735,69.315
CC(C)CCn1cnc2c(cnn2-c2ccc(Cl)cc2)c1=O,1.0,35.76
Cc1[nH]c(=O)[nH]c(=O)c1S(=O)(=O)N1CCC(C(=O)NCCC(C)C)CC1,69.95,78.21
CC(CC(=O)O)CC(=O)Nc1sc(C(C)C)cc1C(N)=O,95.519,79.209
O=C(C1CCc2n[nH]c(=O)n2C1)N1CCc2ccc(F)c(F)c2C1,79.53,93.81
O=C(Cc1c[nH]c2ccccc12)N1CCc2cc(-c3ccno3)ccc21,1.48,60.87
O=S(=O)(c1ccccc1)n1ccc2ncccc21,36.24,29.74
COC(=O)c1c(NC(=O)N2CCN(C(=O)C(C)C)CC2)sc2c1CC(C)(C)OC2,60.38,88.04
c1ccc2c(c1)CCN(c1nc(N3CCOCC3)c3nn[nH]c3n1)C2,74.931,81.019
CCC(CN1CCN(C)CC1)NC(=O)Cc1csc(Nc2ccccc2F)n1,62.03,50.59
CN(n1cnc2ccsc2c1=O)S(C)(=O)=O,94.98,99.9
O=C1N=C(O)N=C(O)/C1=C\NNC(=O)c1ccccc1O,70.231,88.837
COCCNC(=O)C(=O)N1CCC(OC(=O)c2ccc(Oc3ccccc3)cc2)C(N2CCN(c3ccc(F)cc3)CC2)C1,4.991,58.172
COc1nccnc1Oc1cc(F)c(CN2CCCC2)c(Cl)c1,0.82,98.2
COc1ccc(C2N(C(C)=O)c3ccccc3N2S(=O)(=O)c2ccc(C)cc2)cc1,0.0,0.0
CCN1CCC(N(C)S(=O)(=O)c2c(C)cc(C(C)(C)C)cc2C)CC1,4.45,61.64
CN(C(=O)CN1CCC(NC(=O)C2CCCCC2)CC1)C1CCCCC1,0.56,5.21
OCCN1CCN(Cc2nc(O)c3ccccc3n2)CC1,99.99,99.99
CN(Cc1cccnc1)C(=O)c1c(OCC2CC2)cc(=O)n2c1CCCCC2,5.33,50.48
COc1cccc(CNC(=O)N2Cc3c(sc4c3CCCC4)-n3cccc3C2C)c1,0.11,1.78
COc1cc(-c2nc(C)c(C(=O)NCCc3ccc(S(N)(=O)=O)cc3)s2)cc(OC)c1OC,54.365,41.28
CN(C)c1nc(N)nc(CNc2nccc(C3CCCC3)n2)n1,0.418,1.57
CCNC(=O)NCCc1ccc(OC)c(Nc2ncc(Cl)c(Nc3ccccc3S(=O)(=O)C(C)C)n2)c1,9.16,0.86
CCc1cc(N2CC[C@H](F)C2)n2nc(C)c(C)c2n1,26.13,12.29
Cc1c(C(=O)O)sc2[nH]c(=O)n(CC(C)C)c(=O)c12,88.408,79.441
COc1ccc(Cl)cc1NC(=O)c1cc2c(=O)oc3ccccc3c2n1C,36.84,80.38
CC1(COc2ccc(Cl)cc2)CC(n2cncn2)C(c2ccc(Cl)cc2)=NO1,12.3,73.64
O=C(C1=NN(C2CCS(=O)(=O)C2)C(=O)CC1)N1CCN(C/C=C/c2ccccc2)CC1,14.28,36.57
Cn1ccc(Cn2nnn(-c3cccs3)c2=O)cc1=O,34.42,86.51
CCc1cc2c(Nc3ccc(OC)cc3OC)ncnc2s1,2.84,5.3
COC(=O)c1ccc2c(c1)nc(-c1ccc(C(C)(C)C)cc1)n2Cc1ccc(F)cc1,46.26,94.702
O=C1CCC2(C(=O)NCCCn3cccn3)CCCC=C2N1C1CCCC1,1.993,51.156
COc1ccc(CCCNC(=O)c2cnn3cc(Br)cnc23)cc1,4.39,48.91
COc1cc(=O)n(C)cc1C(=O)NCCOc1ccc(F)cc1,81.51,99.0
c1ccc(OCCN2CCCC3(C2)Nc2ccccc2-n2cccc23)cc1,0.04,2.37
CC(C)NC(=O)c1cc(Cl)cc(Cl)c1NC(=O)c1cc(OCC(=O)C(C)(C)C)nn1-c1ncccc1Cl,63.07,62.5
Oc1cc(-c2cccc(-c3ccc4c(c3)OCO4)c2)nn1-c1ccccn1,14.97,20.42
CC(Nc1ccn(CCS(C)(=O)=O)n1)c1nc(C(C)(C)C)no1,62.506,76.112
C[C@H](Nc1ccnc2c1NC(=O)CN2)c1cc2cccc(Cl)c2c(=O)n1-c1ccccc1,23.55,75.74
c1ccc2c(c1)CC(CNc1nccc(-n3cccn3)n1)CO2,0.05,1.18
O=c1ccn(-c2ccc(Cl)c(-c3ccc(Cl)cc3)c2)[nH]1,43.3,32.131
CN(C)c1ccc(-c2nc3n(c2NC(C)(C)CC(C)(C)C)CCNC3)cc1,9.891,19.702
CNC1=C(c2cc(Br)ccn2)C(=O)C(c2cccc(Cl)c2)O1,99.99,99.99
O=C(NCC1COc2ccccc2O1)c1c(-c2cncnc2)cc(=O)n2c1CCCC2,46.58,72.96
COc1ccccc1CNC(=O)c1cc2c(s1)CS(=O)(=O)C2,49.599,80.945
CCOC(=O)Cn1cnc2c1c(=O)n(C)c(=O)n2C,0.86,2.05
N#Cc1nccnc1OC1CCN(C(=O)C2CC(=O)N(C3CCOCC3)C2)C1,40.53,87.78
CCn1cc(CN(C/C=C/c2ccco2)CC(C)C)cn1,6.691,1.449
Cc1ccc(-n2nncc2-c2ccc(O)cc2O)cc1,70.69,99.99
CCOc1cccc2c1OC1(CCN(CC)CC1)N1N=C(c3ccccc3)CC21,0.69,69.57
Cc1cc(C)cc(NC(=O)N2Cc3c(sc4c3CCCC4)-n3cccc3C2c2cccs2)c1,31.21,32.47
CN(Cc1ccccc1)Cc1cc(=O)n2nc(-c3ccc(C(C)(C)C)cc3)nc2[nH]1,60.396,41.304
O=S(=O)(Nc1ccc2[nH]ncc2c1)c1cc(Cl)c(Cl)cc1Cl,98.31,99.0
CC12CC3(C(=O)Nc4ccc(Cl)cc4C(=O)c4ccccc4)C1CCC23C,2.405,0.0
O=C(Nc1cccc2ccccc12)C1c2ccccc2Oc2ccccc21,59.095,66.14
O=C(Nc1n[nH]c(Cc2ccc(F)cc2)n1)c1ccn2nnnc2c1,43.3,31.1
COc1ccccc1CNC(=O)c1c(OCC2CC2)cc(=O)n2c1CCCCC2,0.08,2.12
CC(=O)Nc1ccc(Nc2cc(C)nc(-n3nc(C)cc3C)n2)cc1,8.146,58.986
CCN(c1ccc2c(c1)OCO2)c1cc(Cl)nc(Cl)n1,67.5,50.06
Cc1nc2c(cc1Br)nc(Cl)n2C,0.99,15.08
CCc1c[nH]c2ncnc(NCC(Cc3ccccc3)c3ccccn3)c12,0.12,0.11
CCn1c(N)c(-c2nc3ccccc3[nH]2)c(=O)c2ccccc21,17.332,85.464
Cn1nc(CNC(=O)c2cccn(C)c2=O)c2c1CCCC2,15.959,62.249
Cc1ccccc1/N=C1\Nc2cccc3cccc1c23,4.558,2.766
CC(C)(NC(=O)C1CCC(NC(=O)C2CCCC2)CC1)c1noc(C(N)=O)n1,84.091,74.529
COC(=O)[C@@H](O)c1c(C)nc2[nH]c3c(c2c1-c1ccc(Cl)cc1)CCCC3,35.26,55.01
Cn1ncc2c1NC(=O)CC2c1cc(Cl)cc2c1OCOC2,40.884,40.076
CCN(CCCNc1nc(-c2ccccc2)no1)c1ccccc1,0.39,1.53
Cc1cc(C(=O)Nc2nnc(Cc3cccs3)o2)n(C)n1,81.343,65.423
CC(C)(C)OC(=O)NCCNC(=O)Cc1cc(=O)oc2cc(O)ccc12,78.0,99.9
NC(=O)c1cccc2cc(CN3CCN(c4ccccc4Cl)CC3)oc12,21.25,79.02
CS(=O)(=O)N1CCCC1C(=O)Nc1nc2cc3c(cc2s1)OCO3,0.005,0.012
COC(C)(C)c1noc(-c2ccc(=O)n(C)n2)n1,77.168,65.608
CC1CN(C2c3ccccc3-c3ccccc32)CC(C)(C)O1,1.513,45.748
COc1cc(=O)n2c(c1C(=O)Nc1cccc3c1CCCC3)CCCC2,41.23,21.14
O=C(COc1ncnc2scc(-c3ccccc3)c12)c1ccc(S(=O)(=O)N2CCCC2)cc1,2.591,1.348
CCN(CC)S(=O)(=O)c1ccc(NC(=O)CN(c2cc(C)ccc2C)S(C)(=O)=O)cc1,1.0,1.39
CCOc1ccccc1NC(=O)NC1(C(=O)O)CCCCC1,78.06,53.69
[H][C@]1(c2cc(O)cc(O)c2)c2c(cc3c(c2/C=C/c2ccc(O)cc2)[C@]([H])(c2cc(O)cc(O)c2)[C@@]([H])(c2ccc(O)cc2)O3)O[C@]1([H])c1ccc(O)cc1,53.47,59.341
COCC(C)N(Cc1cc(OC)cc(OC)c1)C(=O)CCCC(C)=O,7.766,21.399
CCc1nc2cc(Br)c(C(=O)OC)nc2n1CC(=O)c1ccccc1,50.92,0.929
Cn1cc(C(N)=O)cc1C(=O)Nc1ccccc1Oc1ccccc1,0.27,14.81
CN(C)C[C@H]1CC[C@H](Nc2ncc3ccc(=O)n(C4CCCCCC4)c3n2)CC1,10.04,18.72
CC(=O)c1cccc(NC(=O)CN(C)S(=O)(=O)c2c(C)cc(C)cc2C)c1,22.36,10.86
COc1cc(C)c2c(c1C=O)Oc1c(c(C)c(O)c3c1C(O)OC3=O)OC2=O,99.9,99.9
COc1cc2c(cc1Nc1ncc(Cl)c(Nc3ccccc3S(=O)(=O)C(C)C)n1)CCCN(C(=O)CO)C2,3.61,1.89
CCn1c(=O)n(Cc2cc(-c3ccccc3)no2)c2ccccc21,0.86,18.11
COc1cc(=O)[nH]cc1C(=O)N1CCOC(c2nc(C)cs2)C1,89.37,99.0
CCCn1c(N)c(N(CCOC)C(C)=O)c(=O)n(CC(=O)Nc2cc(Cl)cc(Cl)c2)c1=O,48.792,53.732
[H][C@@]1([C@@H](C)OC(C)=O)NC(=O)[C@H](CC(C)C)NC1=O,46.5,93.8
CN1CCc2c(c3ccccc3n2-c2cncnc2)C1,28.756,69.303
CC(C)(C)c1cnnn1-c1ccc(C(=O)COC(=O)c2ccccc2)cc1,1.0,0.07
Oc1cccc(-c2nc3c(s2)Cc2ccccc2-3)c1,3.687,1.474
CCC1c2c(OC)c3c(c(OC)c2C(c2cc(OC)c4c(c2OC)OCO4)C1C)OCO3,26.25,19.594
Cc1cc(O)c(C(c2ccco2)c2c(O)cc(C)n(C)c2=O)c(=O)n1C,30.618,87.669
Cn1cc(-c2cnc3c(N)nn(Cc4cccc(C(F)(F)F)c4)c3c2)cn1,59.094,63.812
Cc1cc(CO)cc(Oc2nc(Cl)nc(Cl)c2C(C)C)c1,1.087,22.461
O=C1c2ccsc2CCC1N1CCN(c2ncccn2)CC1,0.25,5.29
O=c1[nH]ncn2c1cc1cc(Br)ccc12,42.111,72.3
Cc1cnc(C)n1CCNS(=O)(=O)c1cccs1,34.39,71.11
N#Cc1nnc2ccccc2c1Oc1ccc2ncccc2c1,1.19,50.28
COc1cc2nc(OC3CCN(C(=O)OC(C)(C)C)CC3)nc(Nc3ccc(S(C)(=O)=O)cc3F)c2cc1OC,0.36,2.69
Cn1ncc2c(NCCO)n/c(=N/c3cccc(F)c3)[nH]c21,2.04,11.68
c1ccc(CN2CCc3nc(N4CCCC4)nc(N4CCn5cnnc5C4)c3C2)cc1,11.788,23.024
C=CCn1cc(Cl)cc/c1=N\C=C(/C#N)C(=O)OCC,24.072,54.361
Cc1ccc(C(=O)N2CCN(C(=O)c3ccc(C)cc3)C2)cc1,30.71,68.2
CCOC(=O)C(C)(C)Cc1nc(-c2ccc(OCc3ccc(OC)cc3)cn2)no1,0.886,0.995
CCN1CCN(C(=O)c2ccc3c(c2)N(Cc2cccc(Cl)c2)C(=O)c2ccccc2S3=O)CC1,0.49,32.32
COC(=O)c1c(OC)cc2c(c1C)Oc1c(Cl)c(O)c(Cl)c(C)c1C(=O)O2,99.9,77.774
CNC(=O)C1CCN(c2nc(Nc3ccc4[nH]ncc4c3)nc(OC)n2)CC1,7.28,93.96
Cc1nnsc1C(=O)Nc1onc2c1CSC2,1.522,22.322
CC(C)n1[nH]c(=O)c2c(-c3ccc[nH]c3=O)c3c(nc21)[nH]c(=O)n3C,89.518,25.279
O=C(c1ccc(F)cc1)c1c2nc[nH]c(=O)c2c2ccccn12,56.092,43.152
CC(=O)N1CCN(C(=O)Cn2nc(C)c(C)c2C)CC(O)C1,24.738,25.246
COC(=O)CC(c1cc(OC)c(O)c(OC)c1)c1c(O)n2ccccc2nc1=O,78.2,46.48
O=S(=O)(NCCCOC1CCCCC1)c1ccc(Cl)c(-c2nnn[nH]2)c1,48.891,44.323
O=C1CCc2cc(S(=O)(=O)Nc3ccc(Cc4ccncc4)cc3)ccc2N1,46.951,51.784
COC(=O)CCN1C(=O)c2ccncc2/C1=C\c1ccccc1,0.028,0.022
CNCc1cccc(Br)c1OCCS(C)(=O)=O,69.998,64.638
COc1ccc(Nc2nnc(-c3ccc(C)c(S(=O)(=O)NCc4ccccn4)c3)c3ccccc23)cc1C(N)=O,3.753,1.794
O=c1c2c3nc4ccccc4nc3n(Cc3ccc4c(c3)OCO4)c2ncn1Cc1ccco1,1.75,42.35
COc1cc(=O)n(C)cc1C(=O)Nc1ccccc1Br,1.0,1.9
CN1CCC(Nc2ccn(-c3ncccc3C(F)(F)F)n2)CC1,74.25,91.508
CC(C)n1c(N2CCCN(C(=O)c3cc4cc(Cl)ccc4[nH]3)CC2)cc(=O)n(C(C)C)c1=O,7.518,18.994
CCC1C(c2ccccc2)NC(c2ccccc2)CC1(O)c1ccc(F)cc1,74.464,83.94
Cc1ccc(NC(=O)C(C)C(=O)Nc2ccc(C)cc2)cc1,17.548,11.57
COCCN1C(=O)C(CC(=O)O)=C2CCCCC21,83.028,80.358
O=C(CN1CCCC1Cn1cccn1)Nc1ccccc1-n1ccnc1,46.23,71.04
CC(C)CN1C(=O)CCC[C@]12CN(Cc1ccnc(N3CCCC3)n1)C[C@H]2c1ccccc1,0.02,0.03
O=C(N[C@H](c1ccccc1)[C@@H](O)c1ccccc1)c1ccc(F)cc1,76.65,82.01
COc1cc(Cl)c(NC(=O)c2cc(S(=O)(=O)N3CCOCC3)cn2C)c(OC)c1,54.94,59.78
COC(=O)c1ccc(S(C)(=O)=O)c(O)c1Cl,65.27,99.0
CNC(=O)C1CCCC1NC(=O)N1CCOC(C)(c2cnn(C)c2)C1,87.84,99.99
CC(=O)OC/C=C/CCCC/C=C/COC(C)=O,99.9,99.9
CC(=O)Nc1cc(F)c(F)cc1NC(=O)CCNC(=O)C(C)(C)C,80.58,83.39
Brc1ccc(-c2n[nH]c(-c3ccccc3)c2-c2ncc[nH]2)cc1,39.87,85.91
COc1ccc2c(c1)C(=O)CC(c1ccccc1)O2,27.6,86.3
CCN1CCCCC1CNc1nccc(-c2ccc(C)nc2C)n1,20.381,99.9
Cc1cc(C)cc(C(O)CN(C)Cc2cc(Cl)cn2C)c1,2.259,5.149
CN1CCC(NS(=O)(=O)c2cc(Cl)ccc2Cl)CC1,98.84,75.55
CC1CCC(C)N1C(=O)c1cc(Br)nn1-c1ncccc1Cl,3.41,11.733
O=C(O)CCc1ccc(N2Cc3ccc(NC(=O)c4ccccc4)cc3C2=O)cc1,85.523,88.498
c1ccc2c(c1)ccc1nnc(-c3c[nH]c4ccccc34)n12,4.333,67.703
CS(=O)(=O)c1ccc(-c2cc(F)c(OCC3CCNCC3)c(F)c2)cc1,42.5,28.498
CC(C)c1nnc(-c2cccnc2N2CCN(C(=O)C3COc4ccccc4O3)CC2)o1,0.919,14.68
[H][C@@]12CC[C@@H](NC(=O)c3ccccn3)[C@@H](O)[C@]1([H])Nc1ccccc1O2,2.268,83.581
COC[C@@H]1[C@@H](NC(=O)c2c(OC)cc(=O)n3c2CCNCC3)[C@@H]2CCO[C@H]12,83.3,99.0
Cc1cc2oc(-c3ccsc3)c(CC(=O)O)c2c(=O)[nH]1,99.9,95.697
CCC1CCCCN1Cc1ccc(CNC(=O)c2noc3c2CCc2sccc2-3)o1,3.503,1.304
COc1ccc(OC)c(NC(=O)c2cc3sccc3n2Cc2ccccc2)c1,0.14,61.01
Nc1cccc(-c2c3c(=O)[nH][nH]c(=O)c3c3n2CCC3)c1,99.9,99.9
OCCN(Cc1ccccc1)CC(O)COc1c(F)cc(Br)cc1F,80.735,99.9
O=c1cc(-c2ccccc2)oc2cc(O)c(O)c(O)c12,41.033,99.9
COc1ccc(-c2nnc3c4ccccc4c(Cl)nn23)cc1,19.84,0.41
CCOC(=O)c1c(C)nn(-c2ncnc3c2c(C)c(C)n3CCc2ccccc2)c1N,88.63,99.99
CS(=O)(=O)N(C#Cc1ccccc1F)Cc1ccccc1,1.0,7.03
c1ccc(-c2ncc(-c3nc4ccncc4[nH]3)s2)nc1,5.88,88.73
Cc1cc(C)c(NS(=O)(=O)c2cnc(O)[nH]c2=O)c(C)c1,99.99,99.99
CC1CC(=O)N(c2ccc(-c3cccc(C#N)c3)cc2)N=C1c1ccc(O)cc1,86.34,62.26
CC1(C(=O)NC2CCCCCC2)Cn2c(cc3occc32)C(=O)N1Cc1ccco1,0.16,0.07
COc1cc(=O)[nH]cc1C(=O)N1CCCC(c2cnn(C)c2)C1,69.85,76.07
O=C(N1CCn2c1nc1ccccc12)C1(c2cccs2)CCCC1,1.961,0.383
CC(C)C(C)NC(=O)N(C)CC(C)(C)CN1CCOCC1,0.946,46.195
Cc1nc(-c2ccc(NC(=O)c3cscn3)cc2Cl)n[nH]1,50.333,86.047
CCOc1cc(=O)n2c(c1C(=O)NCc1ccccc1Cl)CCCCC2,0.5,0.26
CCc1c(OCC(=O)Nc2cc(OC)c(OC)c(OC)c2)c(=O)ccn1CCO,84.744,75.09
OC1(c2ccc(Br)cc2)CCNCC1,23.003,23.153
O=C(O)CCc1nnc2[nH]c3ccccc3n2c1=O,88.35,70.29
Clc1ccc(OCc2nnc(-c3cccnc3)[nH]2)cc1,31.023,76.632
CCOC(=O)C1=C(n2[nH]c3nc(C)cc(COC)c3c2=N)CCC1,44.531,83.96
O=C(Nc1ccc(/C=C/C(=O)N2CCC[C@H]2C(=O)O)cc1)Nc1ccccc1Br,99.9,99.9
Cn1c(=O)c2[nH]c(N3CCN(c4cccc(O)c4)CC3)nc2n(C)c1=O,57.755,65.177
Cc1oc(-c2nc(C#N)c(N(C)C)o2)cc1S(=O)(=O)N(C)c1ccccc1,95.66,92.76
O=C1CC(c2ccc(S(=O)(=O)N3CCOC(COc4ccccc4)C3)cc2)CN1,54.426,44.299
NCC1=CCCN(c2nc3c(cc2F)c(=O)c(C(=O)O)cn3-c2ncc(F)cc2Cl)C1,43.028,45.049
CCC(CC)CN1CC2(CCN(C(=O)[C@@H]3C[C@H](N)CN3C)CC2)OC1=O,99.99,99.99
COC(c1ccc(Cl)cc1)(c1ccc(Cl)cc1)C(Oc1nccc(C)n1)C(=O)O,84.7,63.023
COc1ccccc1Cn1ccc2nc3ccn(-c4ncn[nH]4)c(=O)c3cc2c1=O,60.19,79.85
COc1cc(OC)cc(C2CC(=O)c3cc(OC)cc(OC)c32)c1,53.646,32.27
CCOC(=O)CC1C(=O)NCCN1S(=O)(=O)c1ccc(C)cc1,23.97,59.7
Clc1ccc(C2=NOC(COc3cccc(Cl)c3Cl)CC2n2cncn2)cc1,29.17,74.02
Cc1nnc(CS(=O)c2ccc(Cl)c(Cl)c2)n1C,99.99,99.99
Clc1ccccc1/C=C/c1nnc(-c2ccccc2Cl)o1,86.67,66.52
O=c1[nH]c(NN2CCOCC2)nnc1Cc1ccc(Cl)cc1,36.56,34.61
CC(C)(C)OC(=O)NC(CC(=O)N1CCCCCN1C(=O)c1cccc(C#N)c1)Cc1ccccc1F,35.64,44.01
CN(C)c1ccc(C(O)CF)c(S(N)(=O)=O)n1,89.069,96.686
CC(=O)c1ccc(N2CCOCC2)c(-c2cccc3c2OCC3)c1,1.094,7.375
Cc1ccc(C)c(CNc2cc(-n3ccnc3)ncn2)c1,24.363,43.534
CC(C)OCCCNC(=O)c1ccc(C(C)(C)C)cc1,0.46,23.12
CC(C)(C)C(=O)Nc1cc(NC(=O)C(C)(C)C)cc(C(=O)Nc2c[nH]c(=O)[nH]c2=O)c1,0.193,0.685
COC(=O)[C@@]12Cc3ccccc3[C@@H](C1)N(C(C)(C)C)O2,1.21,0.01
O=C(Nc1ccc(F)cc1)Nc1cc2ccc(O)cc2s1,40.88,35.11
Cc1cc(C)c(NC(=O)CN(C)S(=O)(=O)c2ccc3[nH]c(=O)ccc3c2)c(C)c1,99.99,99.99
CN(CCOc1ccc(C2=NN(c3ccccc3)C(=O)C2)cc1)c1nc2ccccc2o1,11.49,28.49
CC(c1ccncn1)N(C)C(=O)c1ccc(OC2CCN(CCc3ccccc3)CC2)cc1,35.381,9.551
Fc1ccc(Cn2nnc3c2ncn2cnnc32)cc1,41.486,60.384
CC(=O)Nc1nc2ccc(-c3nn(C(C)C)c4nc(N)ncc34)cc2s1,73.74,66.85
CCOC(=O)c1ccc(Nc2nc3ccc(Cl)cc3n3cnnc23)cc1,67.75,99.99
Cc1cn[nH]c1C1(C)CCCN(S(=O)(=O)c2cnn(C)c2)C1,33.829,1.301
CN1CC[C@H]2CN(C(=O)c3c4c(nn3C)CCCC4)C[C@H]21,79.33,99.99
Cc1nc2c(c(C)c1CNC(=O)COC1CCCCC1)c(=O)[nH]n2C,80.92,62.17
O=C(NCC1CCN(c2ccc(F)cc2)C1)C1CC(O)CN1,99.99,96.56
CC(c1ncc(-c2ccc(O)cc2)s1)C(O)(Cn1cncn1)c1ccc(F)cc1F,13.833,72.835
Oc1cc(O)c2sc3nc(-c4ccccc4Cl)ccc3c2n1,99.9,99.9
O=C(O)c1ccc2c(c1)NC(=O)c1ccccc1S2(=O)=O,96.791,88.452
COc1cc(OC)cc(N(Cc2c(F)cccc2Cl)C(=O)Cc2ccncc2)c1,1.029,7.325
CS(=O)(=O)N[C@H]1CC[C@H](Nc2ncnc3[nH]cc(-c4cc(Cl)c(O)c(Cl)c4)c23)CC1,87.14,99.99
O=C1c2ccccc2C2CC(c3ccc(-c4ccccc4)cc3)=NN12,39.79,34.75
c1ccc(-c2nc3c(-c4ccccc4)ccc(-c4ccccc4)n3n2)cc1,82.76,78.17
COc1ccc(CCc2n[nH]c(NC(=O)Cn3cc(OC)c(=O)cc3C)n2)cc1,95.25,99.99
O=C(Nc1n[nH]c2cc(Br)ccc12)c1[nH]nc2c1CCCC2,0.074,0.024
Cc1cccc2c(O)c3nc(C)n(-c4ccccc4)c3nc12,55.165,69.279
O=S(=O)(CC1C(c2ccccc2)N1c1ccccc1)c1ccccc1,0.285,7.638
CCCC(=O)Nn1c(=S)[nH]c2cc(C)[nH]c2c1=O,65.128,97.579
Cc1ccc(Cl)cc1N1CCN(Cc2nc3c([nH]2)c(=O)[nH]c(=O)n3C)CC1,64.99,53.9
CCCn1cnc2cc(-c3noc(-c4ccc(Br)o4)n3)ccc21,21.926,36.598
COc1c2c(cc3c1OCO3)CCN(C)C(C(=O)c1ccc(Br)cc1)=C2,0.0,0.0
CNc1ncc(C(=O)NC[C@H]2CC[C@@H]3C[C@H]2C3(C)C)cn1,0.866,25.206
CCN(CC)S(=O)(=O)c1ccc(C)c(N2C(=O)CC(C#N)=C2N)c1,5.05,25.82
CC(=O)/N=C1\N(c2ccc(Cl)cc2Cl)C(=O)N(S(=O)(=O)c2ccc(Cl)cc2)C1(C)C(C)C,6.444,8.738
CC(C)c1cc(C(=O)N2CCC(Oc3ccc(-c4ccc(S(C)(=O)=O)cc4F)nc3)CC2)no1,0.0,21.943
Cc1cccc(C)c1-n1nnnc1C1(N)CCC(C)CC1,0.44,0.99
CC(C)(C)c1cn2c3ccccc3nc2n1CCNC1CCCCC1,9.345,29.67
CCn1ccc(C(=O)N2C[C@@H](F)C[C@H]2Cn2cc(C(N)=O)nn2)n1,99.99,99.99
O=c1ccc(-c2ccc(S(=O)(=O)NCCCN3CCN(c4ccccc4)CC3)s2)n[nH]1,66.31,45.81
Nc1ccc(C(=O)OCc2nc3c(ccc4ccccc43)[nH]2)cc1,1.76,6.103
CC1(C)Cc2c(c(N3CCOCC3)nc3sc4c(=O)n(CCc5ccccc5)cnc4c23)CO1,14.352,4.98
Cn1nccc1C1CN(Cc2noc3c2CC(C)(C)CC3)CCO1,0.07,13.34
COc1nn(C)c(=O)n1-c1cccc(Cl)c1Cl,6.45,15.88
COc1cc(OC)c(OC)cc1/C=N/N=C1\NC(=O)C(CC(=O)O)S1,49.976,55.39
Cc1nn(C)cc1-c1cncn1C(C)Cc1c(C)nn(C)c1C,44.99,89.94
O=[N+]([O-])c1cccc(F)c1COc1cccc(C(F)(F)F)c1,99.9,32.6
Cc1cn(S(=O)(=O)c2ccccc2)cc1C(=O)CC(C)C[N+](=O)[O-],3.127,22.809
COc1nn(C)cc1C(=O)N1CCN(c2nccn3nc4c(c23)CCCC4)CC1,16.257,55.776
[H][C@@]12C[C@@H](C)[C@](O)(C(=O)CO)[C@@]1(C)C[C@H](O)C1(F)[C@@]3(C)C=CC(=O)C=C3CC[C@]12[H],88.759,75.239
COC(=O)C(OC(C)(C)C)c1cc2c(nc1C)C(=O)NCC2,99.26,79.952
CC(=O)NCCc1ccc(S(=O)(=O)N(C)C)cc1,66.15,99.0
c1ccc2c(c1)oc1c(-c3cn(C[C@H]4CCCN4)nn3)cccc12,44.02,99.99
Clc1ccc(-c2noc(-c3ccc(Nc4ccc5c(c4)OCCO5)nn3)n2)cc1,43.161,70.708
CCc1sc(C(=O)Nn2cnnc2)cc1Br,81.853,82.442
O=C(O)c1ccc2c(Br)c(O)c(C(=O)O)cc2c1,99.9,56.9
O=c1c2ccccc2nc(-c2ccco2)n1-c1nc2ccccc2s1,34.39,99.0
CCc1cc(=O)[nH]c(-n2nc(C)cc2NC(=O)c2c(-c3ccccc3Cl)noc2C)n1,99.99,75.32
CC1CCN(CCNS(=O)(=O)c2ccc(-c3ccc(=O)[nH]n3)s2)CC1,98.53,99.99
Oc1ccc(C23CCCC2C2(CCCC2)c2ccc(O)cc2O3)c(O)c1,8.856,43.293
Cc1coc(C)c1C(=O)CC1(O)C(=O)Nc2cc(Cl)cc(Cl)c21,56.629,88.02
CCc1cc2c(NCCO)nc(-c3ccccc3)nc2s1,2.225,62.161
O=c1[nH]nc2c3scc(-c4ccc(F)cc4)c3ncn12,71.567,95.714
O=C(Cn1nc2c(cc1=O)CCCC2)Nc1nc(-c2ccc3c(c2)OCO3)cs1,55.2,68.04
COc1ccc(Nc2nnc(-c3ccc(C)c(S(=O)(=O)N4CCCCC4)c3)c3ccccc23)cc1C(N)=O,0.13,0.16
Cc1nc2c([nH]1)CCC(C(=O)Nc1onc3c1CCCC3)C2,0.386,99.9
COc1ccc(-n2c(C)c(C)c3nc(OC)ccc32)cc1,0.13,21.4
Cc1c(C(=O)NCC(C)c2ccccc2)oc2ccc3c(c12)C=CC1(CCCC1)O3,58.169,35.452
COc1ccc(-c2c(-c3ccccc3)nn(-c3cccc4ccccc34)c2N(C)C)cc1OC,1.06,33.37
NC(=O)Cc1csc(NC(=O)CCNC2=NS(=O)(=O)c3ccccc32)n1,99.99,82.99
Cn1cc(C(=O)Nc2ccc(C#N)cc2)c2ccccc2c1=O,47.37,99.99
N=c1sc2cc(OC(F)(F)F)ccc2n1CCO,66.537,73.177
Cc1noc(C2CCCN2C(=O)c2ccnc3c2nnn3C)n1,99.99,99.99
CC(C)(C)OC(=O)N1CCCCC1CCOc1ccc2c(c1)CN(c1ccc(S(C)(=O)=O)cc1F)C2=O,34.949,60.322
COc1cc(=O)n(C)cc1C(=O)N1CCc2ccccc21,72.28,84.35
O=C(Cn1cnc2ccccc2c1=O)NCCn1ccc2cc(Br)ccc21,0.61,1.67
O=C1Nc2ccccc2CCC1n1cnc2ccsc2c1=O,87.44,91.15
COc1c(Cl)c(Nc2ccc3[nH]ncc3c2)nc(NC(C)C)c1Cl,1.01,55.83
COc1ccc(Sc2nn(S(C)(=O)=O)c3ccccc23)cc1OC,4.179,11.04
O=C(NCC1CCCO1)c1ccc(NC(=O)c2nc(-n3cnnc3)ccc2Br)cc1,75.137,92.359
CNC(=O)c1cc2c(F)c(O)ccc2n1-c1cc(F)c(O)c(F)c1,73.039,99.9
O=C(CN1C(=O)CNC1=O)N1C[C@H]2CC=CC[C@H]2C1,88.016,76.128
COc1ccc(C(=O)C2=CN(c3ccc(C#N)cc3)c3cc(F)ccc3S2(=O)=O)cc1,63.54,99.99
Cc1nc2[nH]nc(N)c2c(C)c1-c1cnn(CCC(C)C)c1,76.985,42.046
COC(=O)CC1C(=O)NCCN1S(=O)(=O)c1ccc(F)c(Cl)c1,54.529,59.162
COc1cc(CN2CCN(S(=O)(=O)c3ccc(NC(C)=O)cc3)CC2)cc(OC)c1OC,12.72,78.92
CC(C)NC(=O)Nc1ccc(O)c(-c2nc(-c3nnc[nH]3)no2)c1,99.9,69.299
O=c1c(O)c(-c2ccccc2)oc2cc(O)ccc12,1.083,2.339
Cc1nn2cnnc2c(C)c1CCC(=O)Nc1nccs1,15.774,13.334
N#Cc1cc(NC(CCO)C2CCOCC2)nc2ccc(Cl)cc12,8.06,26.17
COc1cccc(-c2csc(C3(c4ccc(OC)c(C)c4)N=C(N)N(C)C3=O)n2)c1,16.043,41.6
Nc1ccc(C(=O)NC2CCc3ccccc32)cc1,58.081,70.23
CC(=O)O[C@@H]1C[C@@]2(C)[C@H](c3ccoc3)C[C@H]3O[C@]32[C@]2(C)C(=O)C(O)=C3C(C)(C)C(=O)C=C[C@]3(C)C12,99.9,65.08
Clc1cccc(C(c2ccccc2)N2CCN(c3nn4nnnc4c4ccccc34)CC2)c1,84.229,89.907
CN(C)CCN1C(=O)C2CC=C(Cl)CC2C1=O,86.059,50.938
COc1ccc([C@H]2Oc3cc(OC)cc(OC)c3C[C@H]2O)cc1,0.829,7.53
C(=C/c1nnn(Cc2ccccc2)n1)\c1ccccc1,0.31,24.67
O=C(c1c(OCC2CC2)cc(=O)n2c1CCOCC2)N1CCN(c2ccccc2)CC1,41.03,74.63
O=C(Nc1ccccc1-c1cn2ccccc2n1)c1ccc(Cn2ccnc2)cc1,0.0,0.017
CC1CCC(c2c[nH]c3ccc(Cl)cc23)C(=O)C1,4.847,13.349
CC1CCNC2CN(c3nc4c(cc3F)c(=O)c(C(=O)O)cn4-c3ncc(F)cc3F)CC12,99.99,99.08
COc1c(-c2coc3cc4c(cc3c2=O)CC(OC(C)=O)C(C)(C)O4)ccc2c1C=CC(C)(C)O2,0.619,27.729
Cc1cc(-c2cc(=O)n(C)n2C(F)F)c(F)cc1Cl,3.483,62.305
COc1cc(=O)n(C)cc1C(=O)NC1CCCC1,73.94,99.0
CCC(C)Nc1c(C(C)=O)c(=O)[nH]c2c(C(=O)OC)scc12,3.068,1.541
COn1c(-c2ccc(C(C)(C)C)cc2)cc2cc3cccccc-3c2c1=O,37.38,11.46
CCc1ccc(-c2nnc(N3CCN(C(C)c4nccs4)CC3)n2CCCOC)cc1,4.284,24.374
CCOc1ccc(/N=c2\cc(C)c(C#N)c3[nH]c4ccccc4n23)cc1,0.31,99.99
COC1=CC=C2C3Cc4ccc(OC)c5c4C2(CCN3C)C1O5,36.687,82.895
CN(Cc1ccccc1)C(=O)COc1ccc2c3ccccc3n(C(=O)c3ccc(C(C)(C)C)cc3)c2c1,2.62,7.15
Cc1nc(NCC(O)CO)nc(C)c1CC(C)C,72.653,99.9
COC(=O)c1nc(C2CC(C(C)(C)C)=NO2)cc(N)c1Cl,54.4,50.25
O=C(COc1ccc(Cl)cc1Cl)OCCNC1=NS(=O)(=O)c2ccccc21,1.0,1.0
Cc1cnc(NC2CC(C)OC(C)C2)nc1NC1CC(C)OC(C)C1,98.19,99.99
CCOC(=O)c1c(N)sc2c1CCC(NC(=O)OC(C)(C)C)C2,84.025,97.666
COC(=O)C(O)c1c(C)nc2[nH]c3c(c2c1Cl)CCCC3,3.26,60.4
Cc1cc(=O)[nH]c(SCC(=O)c2cc(C)n(CC3CCCO3)c2C)c1C#N,8.34,26.79
CCC(CC)C(=O)N1CCN(S(=O)(=O)c2ccccc2)CC1,5.75,87.98
O=C(CN1C(C(=O)c2ccccc2)=C(O)c2ccccc2S1(=O)=O)Nc1ccc(Br)cc1F,25.925,15.715
CS(=O)(=O)NCC1COCCN1C(=O)Nc1ccc2cnccc2c1,59.24,89.49
O=c1cc(Nc2cccc(Br)c2)[nH]c(=O)[nH]1,93.901,76.484
CCCC(C)N(C)S(=O)(=O)c1ccc(NS(=O)(=O)CC)c(F)c1,8.081,44.01
CCCc1cc(O)nc(N2CCN(c3ccc(Cl)cc3)CC2)n1,6.64,59.52
CC1CCC(NS(=O)(=O)CC(=O)Nc2cc(-c3ccsc3)nn2C)CC1,39.37,26.21
CN(C(=O)c1cc2c(s1)-c1ccsc1CC2)C1CCCCC1,0.127,1.736
O=C(O)c1csc(CNC(=O)c2cc(N3CCNC3=O)ccc2Cl)n1,99.99,99.99
O=C(CN1C(=O)CCC1=O)N1CC(S(=O)(=O)C2CCCCC2)C1,62.492,65.406
COC(=O)c1c(C(=O)OC)c(-c2ccc(N)cc2)n2c1CCC2,11.39,0.07
Cc1cc(C)c(-c2csc(Nc3ncnc4[nH]ncc34)n2)cc1C,5.64,99.99
Cc1ccccc1-c1nc2ccccc2cc1Cn1c2ccc(C(N)=O)cc2c2cnc(N)nc21,39.945,14.18
COC(=O)c1c(NCc2ccccc2C(F)(F)F)c2cccc(Cl)c2[nH]c1=O,47.699,68.969
O=C(C1c2ccccc2C(=O)N2CCc3ccccc3C12)N1CCC(Cc2ccccc2)CC1,0.08,35.86
CCC(=O)N(CCC1(c2ccccc2)CCOC(C)(C)C1)CC1CCOC(C)(C)C1,0.72,1.9
CNC(=O)c1cc(S(=O)(=O)NC(C)C)cs1,95.01,99.99
CCCC(=O)CSc1[nH]c(=O)cc(C)c1C#N,99.9,93.3
O=c1[nH]cccc1-c1nc(-c2cccc(Br)c2)no1,11.31,66.87
CCCOCC1CC(n2cncn2)C(c2ccc(Cl)cc2)=NO1,19.494,45.176
CCN(CC)S(=O)(=O)c1ccc(NC(=O)C(C)N(c2ccc(C)c(C)c2)S(C)(=O)=O)cc1,88.27,79.38
CCCN1CCN(C(=O)C2=C(C)C(=O)OC23CCN(S(=O)(=O)CC)CC3)CC1,94.84,99.99
O=C(Nc1ccc2c(c1)C(=O)N1CCC[C@H]1C(=O)N2)c1cc(-c2ccc3c(c2)CCO3)n[nH]1,84.672,59.624
CC(CCCC(C)(C)O)Cc1[nH]cnc1-c1ccccc1,96.794,90.091
CCOc1cc(CNCCc2ccc(S(N)(=O)=O)cc2)ccc1OCc1ccccc1,54.18,55.17
O=C(Nc1c(O)c(Cl)cc(Cl)c1Cl)c1nc(=O)[nH][nH]1,81.05,12.81
CCC(=O)N(CCC1(c2ccc(C)cc2)CCOC(C)(C)C1)Cc1ccccc1,0.12,55.4
COc1ccc(Cl)cc1NC(=O)c1[nH]c(C)c(C(C)=O)c1C,53.26,71.71
